,soc,ocv,dcr
0,0.0,3.0001309233893685,0.2334072140979675
1,0.1001001001001001,3.01060126030498,0.24656954846729384
2,0.2002002002002002,3.0208398464450035,0.25854843635226743
3,0.3003003003003003,3.030845557336817,0.26942156972559594
4,0.4004004004004004,3.040617318559211,0.2792575649104876
5,0.5005005005005005,3.050156989488841,0.28811059706270115
6,0.6006006006006006,3.0594623438712585,0.29604873105111906
7,0.7007007007007008,3.068534928018883,0.30311576797678086
8,0.8008008008008008,3.0773747825613293,0.30936620317931407
9,0.9009009009009009,3.085971658640845,0.3139885161722358
10,1.001001001001001,3.0942644426044748,0.31847131693243114
11,1.1011011011011012,3.1023307330521313,0.32251194522901194
12,1.2012012012012012,3.110198810081489,0.326075626721094
13,1.3013013013013013,3.117853354455833,0.3292839311049782
14,1.4014014014014016,3.12532893783845,0.3321126342189267
15,1.5015015015015016,3.132628736994,0.33459338401489447
16,1.6016016016016017,3.1397602639851785,0.3368366979558921
17,1.7017017017017018,3.1467270251584396,0.33880054931763404
18,1.8018018018018018,3.1535251764532397,0.34062523149884605
19,1.9019019019019021,3.1601768745431347,0.34227729191105105
20,2.002002002002002,3.166671479871521,0.34380391277340294
21,2.1021021021021022,3.1730277805489777,0.345233747534774
22,2.2022022022022023,3.179242926903738,0.3465571589925194
23,2.3023023023023024,3.185335433404239,0.3477854137502696
24,2.4024024024024024,3.1913080417739303,0.3488877244580504
25,2.5025025025025025,3.197171320508191,0.3498725213891287
26,2.6026026026026026,3.2029167033921193,0.3508302197807325
27,2.702702702702703,3.2085481905581945,0.35177356802767434
28,2.802802802802803,3.2140756272314817,0.35265016993144016
29,2.902902902902903,3.2194988179651816,0.3534661159019592
30,3.0030030030030033,3.2248222237059534,0.35417464842114654
31,3.1031031031031033,3.23006129157712,0.35481354835657797
32,3.2032032032032034,3.2352120264045996,0.3553712959355284
33,3.3033033033033035,3.2402789422813925,0.35589533119651406
34,3.4034034034034035,3.2452627903046958,0.3563446517977198
35,3.5035035035035036,3.2501669008869696,0.3567845808017278
36,3.6036036036036037,3.2550013942272895,0.35714507194811596
37,3.7037037037037037,3.2597585720091096,0.35744419656110615
38,3.8038038038038042,3.264442301673786,0.35774878541132793
39,3.9039039039039043,3.269055218772093,0.358026000000379
40,4.004004004004004,3.2736038458030188,0.35819023956201335
41,4.104104104104104,3.2780940877214007,0.35830269331770026
42,4.2042042042042045,3.2825160470620998,0.3583970406639345
43,4.3043043043043046,3.2868792914196003,0.35845130610363896
44,4.404404404404405,3.2911710212874543,0.3585570727938112
45,4.504504504504505,3.295408107839573,0.35863587032911504
46,4.604604604604605,3.2995827325506326,0.35868951850502917
47,4.704704704704705,3.3036980095062987,0.3586682728817383
48,4.804804804804805,3.307763377369743,0.3585941189309292
49,4.904904904904905,3.3117749271759536,0.35852362160144047
50,5.005005005005005,3.315725830852802,0.35843975784767856
51,5.105105105105105,3.31962961058654,0.35831912962443546
52,5.205205205205205,3.323477007389105,0.3581978375818835
53,5.305305305305305,3.327269843655722,0.35810185235436265
54,5.405405405405406,3.331003467162485,0.3579601654166442
55,5.505505505505506,3.3346707191115734,0.3579386226294652
56,5.605605605605606,3.338283569127781,0.35790189546130335
57,5.705705705705706,3.3418472337655265,0.3578277128720533
58,5.805805805805806,3.3453647567106173,0.35776408490783673
59,5.9059059059059065,3.3488194978124994,0.35778849760665565
60,6.0060060060060065,3.352227302633966,0.35779889092372485
61,6.106106106106107,3.3555853266645466,0.3578729428745824
62,6.206206206206207,3.358885940703937,0.35797799946287867
63,6.306306306306307,3.3621373794920855,0.35811762376868295
64,6.406406406406407,3.365336846907717,0.35827741285800485
65,6.506506506506507,3.368485901316813,0.3584330737200805
66,6.606606606606607,3.3715919099694354,0.3586142908582861
67,6.706706706706707,3.374631568839964,0.3588463723425548
68,6.806806806806807,3.3776296172548905,0.35905983000746566
69,6.906906906906907,3.3805758522630143,0.3592854179948919
70,7.007007007007007,3.383466468620757,0.35957306730542626
71,7.107107107107107,3.386308188755348,0.3598644312730048
72,7.207207207207207,3.3890969110382043,0.3601964777850757
73,7.307307307307307,3.3918390695661937,0.3605221775479137
74,7.407407407407407,3.3945398049593183,0.3608195986044649
75,7.507507507507508,3.3971957951630785,0.3611297814461789
76,7.6076076076076085,3.3997961529527427,0.361465814368664
77,7.7077077077077085,3.40234949992578,0.3617845487272362
78,7.807807807807809,3.404846057419417,0.3620986088415581
79,7.907907907907909,3.40728588934937,0.36238665801980297
80,8.008008008008009,3.409681649046092,0.3626145403444436
81,8.108108108108109,3.412014770791828,0.3627829605176611
82,8.208208208208209,3.4143023569676663,0.36281260642847535
83,8.308308308308309,3.4165340840029983,0.3627166362140688
84,8.408408408408409,3.418708139789261,0.3625231478805553
85,8.508508508508509,3.420834303294669,0.3621255023980545
86,8.608608608608609,3.422909371494576,0.36153295256399787
87,8.70870870870871,3.4249295366587122,0.360763783472386
88,8.80880880880881,3.4268911110977553,0.35980724361310656
89,8.90890890890891,3.428803919068627,0.35860005253048044
90,9.00900900900901,3.430659412121433,0.3572554405786512
91,9.10910910910911,3.4324626709623023,0.35567777971738757
92,9.20920920920921,3.4342063026515337,0.35394337179528534
93,9.30930930930931,3.43589183844549,0.35204935236439105
94,9.40940940940941,3.4375211552549207,0.35003583535143434
95,9.50950950950951,3.439095417891632,0.3478212141064265
96,9.60960960960961,3.4406133138530994,0.3455490164067072
97,9.70970970970971,3.442082564157627,0.34319591919447845
98,9.80980980980981,3.443501238700439,0.34076907688462654
99,9.90990990990991,3.4448657115160435,0.33831997894342436
100,10.01001001001001,3.4461871788199683,0.3358385778384214
101,10.11011011011011,3.447457694419942,0.3334057985205039
102,10.21021021021021,3.448695518481931,0.3309666382188432
103,10.31031031031031,3.4498846304751325,0.32851111888540174
104,10.41041041041041,3.451039181842036,0.3260899903520631
105,10.51051051051051,3.4521482472759164,0.3237498137953949
106,10.61061061061061,3.4532223104903177,0.3214686300675158
107,10.710710710710712,3.454264235923476,0.31925687106834744
108,10.810810810810812,3.455271765066487,0.3170968733707671
109,10.910910910910912,3.4562508978842224,0.3149972698643069
110,11.011011011011012,3.457201642681406,0.3129953051003369
111,11.111111111111112,3.4581249662757334,0.3110633882659464
112,11.211211211211213,3.459022545397492,0.30918458875212096
113,11.311311311311313,3.459890116917937,0.3073981286390026
114,11.411411411411413,3.4607354217197623,0.30570966295186786
115,11.511511511511513,3.4615580034097215,0.30412719860275494
116,11.611611611611613,3.462353981974262,0.3026667546214412
117,11.711711711711713,3.4631274170412407,0.30126383645047206
118,11.811811811811813,3.4638831807704573,0.29996202580879583
119,11.911911911911913,3.4646258374052743,0.2987466567041217
120,12.012012012012013,3.465337376179126,0.29758612916310234
121,12.112112112112113,3.4660351409568184,0.2964557758768205
122,12.212212212212213,3.4667134595244096,0.295415105381414
123,12.312312312312313,3.4673788440026994,0.2944263052477929
124,12.412412412412413,3.4680319759673157,0.2934584100456856
125,12.512512512512513,3.4686687338053277,0.2925861887562977
126,12.612612612612613,3.4692931630098234,0.29175349812647156
127,12.712712712712714,3.4699037442930907,0.29095833703716956
128,12.812812812812814,3.4704988398146868,0.29022605931692524
129,12.912912912912914,3.4710922384436604,0.2895682292501185
130,13.013013013013014,3.4716703153021373,0.28893850990168346
131,13.113113113113114,3.4722351339765325,0.2884114224684815
132,13.213213213213214,3.4727991003508403,0.2879373698200389
133,13.313313313313314,3.473346978690684,0.28751470378054655
134,13.413413413413414,3.473888287739811,0.2871530591299454
135,13.513513513513514,3.474434085545023,0.2867943500343362
136,13.613613613613614,3.474973426725584,0.2865199780638097
137,13.713713713713714,3.4754903847085052,0.28626075025621844
138,13.813813813813814,3.4760043068163435,0.2860059869565692
139,13.913913913913914,3.476514260842105,0.28583473164456485
140,14.014014014014014,3.4770124306159986,0.2857295113583902
141,14.114114114114114,3.47751080245955,0.2856096935875243
142,14.214214214214214,3.4779999830826513,0.28552814313862207
143,14.314314314314315,3.4784868328513574,0.2854698259291695
144,14.414414414414415,3.478957370700779,0.285499291002802
145,14.514514514514515,3.479426719835855,0.2855555558660221
146,14.614614614614615,3.4798967146824786,0.28562462182632764
147,14.714714714714715,3.480358588199464,0.2857331941476726
148,14.814814814814815,3.480825526733846,0.28583978308939884
149,14.914914914914915,3.4812913551080875,0.2859912275261234
150,15.015015015015017,3.4817520791500947,0.28616729278239106
151,15.115115115115117,3.48221858916784,0.28633552677569973
152,15.215215215215217,3.482688258910708,0.2865591149314053
153,15.315315315315317,3.48315498223572,0.2868236129911139
154,15.415415415415417,3.4836162645132487,0.28710795027918046
155,15.515515515515517,3.4840787136968676,0.2874187864473967
156,15.615615615615617,3.4845396170043084,0.2877868049358394
157,15.715715715715717,3.484997497608479,0.2881730180188242
158,15.815815815815817,3.4854616169909933,0.2885064528699406
159,15.915915915915917,3.485922288304463,0.28883373296819137
160,16.016016016016017,3.4863768261236183,0.2892510253186362
161,16.116116116116117,3.4868186491841615,0.28976700624506435
162,16.216216216216218,3.487264385848638,0.2902557778354655
163,16.316316316316318,3.4877181184207156,0.29073717350950723
164,16.416416416416418,3.488168077493675,0.2912712846776717
165,16.516516516516518,3.488618936346052,0.2917805655873771
166,16.616616616616618,3.489078974419237,0.29236955752078053
167,16.716716716716718,3.4895337971111777,0.29292463669136914
168,16.816816816816818,3.4899942558528414,0.29348735374290946
169,16.916916916916918,3.490453781322472,0.29409492156484696
170,17.017017017017018,3.490918484190221,0.29468262330712136
171,17.117117117117118,3.491394313331454,0.29528093813821066
172,17.217217217217218,3.491861483492259,0.29593023588002154
173,17.31731731731732,3.4923326533715384,0.29660244684649584
174,17.41741741741742,3.4928042175723366,0.29727937473364996
175,17.51751751751752,3.493283602286708,0.29795737027067126
176,17.61761761761762,3.4937664425000454,0.29860679940142276
177,17.71771771771772,3.4942542685580023,0.2993262602399209
178,17.81781781781782,3.4947365432623796,0.3000921313304019
179,17.91791791791792,3.495226620594108,0.300871406945733
180,18.01801801801802,3.495720378212016,0.30164870646682296
181,18.11811811811812,3.4962176642094454,0.30246048282563365
182,18.21821821821822,3.4967284375938825,0.30320026981988235
183,18.31831831831832,3.49724759518431,0.303962806046572
184,18.41841841841842,3.4977653745864874,0.30470855540858643
185,18.51851851851852,3.49829704796579,0.3053917214556279
186,18.61861861861862,3.498837924494395,0.30608666882729985
187,18.71871871871872,3.4993862552409833,0.3067515652055288
188,18.81881881881882,3.4999450166889994,0.3074134069695571
189,18.91891891891892,3.500492548802783,0.3081568574676705
190,19.01901901901902,3.501066466801954,0.3087943204166166
191,19.11911911911912,3.5016646593441827,0.30935511995106424
192,19.21921921921922,3.502272516163642,0.309924968511325
193,19.31931931931932,3.502886509090527,0.3104785368546299
194,19.41941941941942,3.5035139185204813,0.3109971175982942
195,19.51951951951952,3.5041486648347933,0.3115106525925153
196,19.61961961961962,3.5047992537241432,0.3119993872438762
197,19.71971971971972,3.5054670413185853,0.3123816747130803
198,19.81981981981982,3.5061544310265553,0.3126986486663501
199,19.91991991991992,3.506876762938985,0.31299447600339825
200,20.02002002002002,3.5076040087749494,0.31314228711041814
201,20.12012012012012,3.5083443378515127,0.31326856475983256
202,20.22022022022022,3.509111502411728,0.31323921286585943
203,20.32032032032032,3.5098916432610405,0.3131630606222515
204,20.42042042042042,3.5106960731027153,0.313018785407742
205,20.52052052052052,3.5115231657982604,0.3127440509556081
206,20.62062062062062,3.5123595567720267,0.3124653596123874
207,20.72072072072072,3.5132206645738986,0.3120739178489167
208,20.82082082082082,3.514096151892017,0.3116317669511144
209,20.92092092092092,3.5149875423057444,0.3111540162256965
210,21.02102102102102,3.515883949935609,0.31065085521144375
211,21.12112112112112,3.5167998298593974,0.3100629457150479
212,21.22122122122122,3.5177213765572226,0.30947063308389566
213,21.32132132132132,3.518653987436153,0.3088575275089056
214,21.421421421421424,3.5195940726628963,0.308230912803344
215,21.521521521521525,3.520545841977415,0.307590931873575
216,21.621621621621625,3.5215138367994943,0.3069367799271667
217,21.721721721721725,3.5224639760411156,0.3062598146698061
218,21.821821821821825,3.5234197736166775,0.305607025555533
219,21.921921921921925,3.524376555512702,0.30499460296473657
220,22.022022022022025,3.525340225020636,0.3043653185451429
221,22.122122122122125,3.5262963172957043,0.3037909293028864
222,22.222222222222225,3.5272534745943878,0.3032211736194128
223,22.322322322322325,3.5281955377496756,0.3027490194861375
224,22.422422422422425,3.5291340051713083,0.3022568726986634
225,22.522522522522525,3.5300736987856967,0.30180112192801545
226,22.622622622622625,3.531014090722569,0.3013665906088683
227,22.722722722722725,3.5319449814144495,0.300928430712311
228,22.822822822822825,3.5328723284401193,0.3005303550564431
229,22.922922922922925,3.5337885660471757,0.30014532041567854
230,23.023023023023026,3.5347082020464624,0.2998277301719412
231,23.123123123123126,3.5356173464026464,0.29953583052205524
232,23.223223223223226,3.5365279527048594,0.29923443342350176
233,23.323323323323326,3.5374324973619684,0.2989874880605097
234,23.423423423423426,3.538330345978357,0.2987507214593723
235,23.523523523523526,3.5392304260717884,0.29854755304931935
236,23.623623623623626,3.540130356100678,0.2983997430642926
237,23.723723723723726,3.5410167720889216,0.2982589321464264
238,23.823823823823826,3.541909100959298,0.2981021168932898
239,23.923923923923926,3.5427963877348985,0.2979700210128211
240,24.024024024024026,3.543677541939607,0.29784593111446434
241,24.124124124124126,3.5445659011530264,0.29766193764544546
242,24.224224224224226,3.545446089111337,0.29752394354096445
243,24.324324324324326,3.546321566927671,0.2974146437342746
244,24.424424424424426,3.5471889992175214,0.2972949356408634
245,24.524524524524526,3.548056959161756,0.2971839523805304
246,24.624624624624627,3.5489209230410808,0.29708615690038975
247,24.724724724724727,3.54977956632259,0.29702726001157664
248,24.824824824824827,3.550642313518802,0.29695083745753337
249,24.924924924924927,3.551493349364624,0.29693794515555716
250,25.025025025025027,3.552346910700865,0.2969546975805226
251,25.125125125125127,3.5531933300302945,0.2969833599734262
252,25.225225225225227,3.554042102488825,0.2969930560988967
253,25.325325325325327,3.5548858788985296,0.2971178140428492
254,25.425425425425427,3.5557198915266537,0.2971671556147175
255,25.525525525525527,3.5565646904487065,0.29714767833172395
256,25.625625625625627,3.5573990765066568,0.29719430017056325
257,25.725725725725727,3.558226399984132,0.29725054920951166
258,25.825825825825827,3.559043763659341,0.2973301045865906
259,25.925925925925927,3.559857014893052,0.29739652882606293
260,26.026026026026027,3.560661105232086,0.29750818941616686
261,26.126126126126128,3.5614576738759913,0.2976070987026347
262,26.226226226226228,3.562255045667749,0.2977044442835286
263,26.326326326326328,3.563046940571275,0.29783455931520564
264,26.426426426426428,3.5638245219210503,0.2980416057509139
265,26.526526526526528,3.5646068107603934,0.2982759071026049
266,26.626626626626628,3.5653763214392624,0.2985588679460687
267,26.726726726726728,3.566138923214508,0.29882392789986767
268,26.826826826826828,3.5668915924056996,0.29912556464462803
269,26.926926926926928,3.5676469076055684,0.2994288304093562
270,27.027027027027028,3.5683984331394383,0.29981018939211523
271,27.127127127127128,3.569140861090155,0.30011610922884024
272,27.227227227227228,3.569885809487541,0.3004553812283497
273,27.32732732732733,3.570626250050148,0.3008825042261236
274,27.42742742742743,3.571356424709519,0.3013153187825459
275,27.52752752752753,3.5720827702818645,0.3017801386286738
276,27.62762762762763,3.5728176516839554,0.3022098169624652
277,27.72772772772773,3.573540728471385,0.30269604170854514
278,27.82782782782783,3.5742581748849007,0.3031790734256816
279,27.92792792792793,3.5749818577281376,0.3036802488593082
280,28.02802802802803,3.5756969320385616,0.3042535264117774
281,28.12812812812813,3.5764018447271804,0.304906998682986
282,28.22822822822823,3.577116108847174,0.30546386423568705
283,28.32832832832833,3.577822854489386,0.306114424084754
284,28.42842842842843,3.5785216166728935,0.30673816093509565
285,28.52852852852853,3.5792211901448834,0.30737034238105565
286,28.62862862862863,3.5799201028450547,0.3080510666535705
287,28.72872872872873,3.5806178205654238,0.30871659791200123
288,28.82882882882883,3.5813137525061745,0.3094328582502026
289,28.92892892892893,3.5820093724459174,0.31017682672738367
290,29.02902902902903,3.582703781281424,0.3108951767917407
291,29.12912912912913,3.5833928481460697,0.3115537551053311
292,29.22922922922923,3.5840879340885596,0.31221226554241177
293,29.32932932932933,3.5847782594094815,0.3128978806931233
294,29.42942942942943,3.5854640671192683,0.3135384650641715
295,29.52952952952953,3.586151165460842,0.3141058259747602
296,29.62962962962963,3.5868308802618616,0.31471576658854694
297,29.72972972972973,3.5875083934055283,0.3153073679476339
298,29.82982982982983,3.5881856655649575,0.31586065424887266
299,29.929929929929934,3.5888677128345146,0.3163596757470746
300,30.030030030030034,3.5895493730473174,0.31685429768471174
301,30.130130130130134,3.590222243739335,0.3172545900197363
302,30.230230230230234,3.59089186683123,0.3177238650285439
303,30.330330330330334,3.591559312742361,0.3182138858320229
304,30.430430430430434,3.5922288788830192,0.31866217444894573
305,30.530530530530534,3.592895431489087,0.3190983269374499
306,30.630630630630634,3.593563463373338,0.3194648929394699
307,30.730730730730734,3.594225517852961,0.31980023193170304
308,30.830830830830834,3.5948926582937575,0.32007712545851597
309,30.930930930930934,3.595566651956635,0.32025610334553356
310,31.031031031031034,3.596215546681538,0.3205410608405792
311,31.131131131131134,3.596862948130857,0.3207792786008312
312,31.231231231231234,3.5975054336628784,0.3210030678902829
313,31.331331331331334,3.5981519503809927,0.32116623994243554
314,31.431431431431434,3.5987970424313205,0.3213484807773668
315,31.531531531531535,3.599435658763257,0.32140721752976553
316,31.631631631631635,3.600073639402167,0.32142285001770965
317,31.731731731731735,3.600709086623474,0.32140868574312087
318,31.831831831831835,3.6013402820515994,0.32140492900512463
319,31.931931931931935,3.6019715838714297,0.3214118408483202
320,32.032032032032035,3.6026029390202394,0.3213867846761058
321,32.132132132132135,3.6032366273907535,0.3213314718641058
322,32.232232232232235,3.6038693886636697,0.32124771245894657
323,32.332332332332335,3.604502970576439,0.32113793003025926
324,32.432432432432435,3.605137328809711,0.3210048957717895
325,32.532532532532535,3.605776394060461,0.3207947908214397
326,32.632632632632635,3.6064152277200225,0.32061287702300234
327,32.732732732732735,3.607035974619027,0.32049408117273614
328,32.832832832832835,3.6076599548926724,0.32036539290099597
329,32.932932932932935,3.608283101613975,0.3201942909736246
330,33.033033033033036,3.60890419542951,0.32003037107493704
331,33.133133133133136,3.6095329012868005,0.31982653941076933
332,33.233233233233236,3.610144883907413,0.31955449198856556
333,33.333333333333336,3.6107554591363678,0.3192912062517159
334,33.433433433433436,3.611373981495049,0.31907270778451924
335,33.533533533533536,3.611987798511719,0.3188137706653187
336,33.633633633633636,3.612606599799076,0.31854846267757786
337,33.733733733733736,3.6132132473093996,0.31829393623453406
338,33.833833833833836,3.6138324182672443,0.318011529661284
339,33.933933933933936,3.614449903606592,0.3177375754584535
340,34.034034034034036,3.6150670969388266,0.3174551926170359
341,34.134134134134136,3.615686948103932,0.3172129560306711
342,34.234234234234236,3.6163075231808723,0.3169600600643836
343,34.334334334334336,3.61692980221457,0.3167238115353346
344,34.434434434434436,3.6175553959973223,0.31646294589707225
345,34.53453453453454,3.618174750860873,0.31622675380198473
346,34.63463463463464,3.618790246484581,0.31602540842375504
347,34.73473473473474,3.6194049651693034,0.3158490200561719
348,34.83483483483484,3.620025868256464,0.31562880202382715
349,34.93493493493494,3.620642135896798,0.3154660561739888
350,35.03503503503504,3.6212629985991347,0.3152560864251637
351,35.13513513513514,3.6218873516581636,0.3149996465770126
352,35.23523523523524,3.6225019230229263,0.3148015294155133
353,35.33533533533534,3.623123158902918,0.314552863306087
354,35.43543543543544,3.6237527838658012,0.31431324949041795
355,35.53553553553554,3.624386202581677,0.3140531792578951
356,35.63563563563564,3.625009061144866,0.31377167019580554
357,35.73573573573574,3.6256390178173077,0.31348917907221896
358,35.83583583583584,3.6262717140516023,0.31323306596667777
359,35.93593593593594,3.626905642613009,0.31298234717224105
360,36.03603603603604,3.627540026803331,0.3127221815489136
361,36.13613613613614,3.628179650118405,0.3124658241261553
362,36.23623623623624,3.628816290190687,0.31225156670383925
363,36.33633633633634,3.629453635782661,0.31200863587717365
364,36.43643643643644,3.63008803639768,0.311835926351975
365,36.53653653653654,3.6307318152367563,0.3115493154459479
366,36.63663663663664,3.6313748353168753,0.3113394377064296
367,36.73673673673674,3.6320290056419573,0.3110655751830471
368,36.83683683683684,3.632679387687922,0.3107817528018231
369,36.93693693693694,3.6333385573114994,0.3105501171893579
370,37.03703703703704,3.6339972299134358,0.3102411927320574
371,37.13713713713714,3.6346708051757446,0.30988192381448876
372,37.23723723723724,3.6353406615678603,0.3095128286282556
373,37.33733733733734,3.636000514483017,0.30915215312954913
374,37.43743743743744,3.636675425376196,0.3087607723749315
375,37.53753753753754,3.637344956255331,0.3083549933282228
376,37.63763763763764,3.638019042211864,0.30797329065741863
377,37.73773773773774,3.6386908803323683,0.30759792922852824
378,37.83783783783784,3.639362807285437,0.30716265897731354
379,37.93793793793794,3.6400451091665014,0.3067000169553502
380,38.03803803803804,3.6407222173396265,0.3062182660466366
381,38.13813813813814,3.6413969720902983,0.3057206684927358
382,38.23823823823824,3.6420749320800847,0.30524463401853197
383,38.33833833833834,3.6427540640268843,0.3047800528160014
384,38.43843843843844,3.643439045561614,0.30431222160579985
385,38.53853853853854,3.644123529299825,0.3038108679898972
386,38.63863863863864,3.644819189293253,0.30330386867642645
387,38.73873873873874,3.6455131721749514,0.3027032835654513
388,38.83883883883884,3.6462079985835922,0.3021387155832844
389,38.93893893893894,3.646898946457496,0.3016077415589553
390,39.03903903903904,3.647586846560193,0.30101464378228826
391,39.13913913913914,3.6482841562531885,0.30044053520886926
392,39.23923923923924,3.6489744948455254,0.29986712753146705
393,39.33933933933934,3.649673167409805,0.29929709451860376
394,39.43943943943944,3.6503710114270236,0.2987571634216799
395,39.53953953953954,3.6510701828471372,0.2981320174106443
396,39.63963963963964,3.6517672094273452,0.2974897511294792
397,39.73973973973974,3.6524575786786553,0.2968668963894139
398,39.83983983983984,3.653147246545217,0.2962772993280254
399,39.93993993993994,3.65383878015869,0.2957530526203396
400,40.04004004004004,3.654528064482771,0.2952024442940413
401,40.14014014014014,3.6552122333979904,0.2946609612302957
402,40.24024024024024,3.655902264931263,0.29406113967276504
403,40.34034034034034,3.656587101138838,0.2934558847214266
404,40.44044044044044,3.6572719305103263,0.2928630785205719
405,40.54054054054054,3.657947640081394,0.2922926993957251
406,40.64064064064064,3.6586300816981714,0.2917111045799796
407,40.74074074074074,3.6593080764447627,0.29112683992602584
408,40.84084084084084,3.659989343738599,0.29058299824915323
409,40.94094094094094,3.6606710954204487,0.2900666270592094
410,41.04104104104104,3.661353959028034,0.2895202447471359
411,41.14114114114114,3.662036667331919,0.28897513702097655
412,41.24124124124124,3.662710606999253,0.28842603390229016
413,41.34134134134134,3.6633822978351005,0.2879540148078572
414,41.44144144144144,3.664049552399879,0.2875000394128726
415,41.54154154154154,3.664717315260721,0.287034332216459
416,41.64164164164164,3.665381505381337,0.28660977374778085
417,41.74174174174174,3.666034834618312,0.28612689453656515
418,41.84184184184184,3.666688048414578,0.28569940498091206
419,41.94194194194194,3.6673471873838515,0.2852513238133536
420,42.04204204204204,3.6679997479608217,0.2848236971369307
421,42.14214214214214,3.66865048729393,0.28441054883131933
422,42.24224224224224,3.669299298244412,0.284024880647884
423,42.34234234234234,3.6699548330191183,0.283636756344281
424,42.44244244244244,3.6705985663263347,0.28328588241063635
425,42.54254254254254,3.6712449915918812,0.2829307991308987
426,42.64264264264264,3.671895984789782,0.2825817751354034
427,42.74274274274275,3.672542593511741,0.28221044488232216
428,42.84284284284285,3.67318971366081,0.28190157714118413
429,42.94294294294295,3.6738267597695105,0.2816768130888967
430,43.04304304304305,3.674467218374743,0.2814211257967312
431,43.14314314314315,3.675105926279815,0.28116681583026804
432,43.24324324324325,3.6757376051585067,0.2808812575662021
433,43.34334334334335,3.6763683591841243,0.2806916080186799
434,43.44344344344345,3.676992680173778,0.28047113008640245
435,43.54354354354355,3.6776211861798247,0.28029846002084646
436,43.64364364364365,3.678254148302307,0.2800765902378206
437,43.74374374374375,3.6788825733588495,0.279850542313838
438,43.84384384384385,3.6795096491355093,0.27961137853494833
439,43.94394394394395,3.680137544134607,0.2794212689981208
440,44.04404404404405,3.6807667168761906,0.2792322921081176
441,44.14414414414415,3.6813935471570813,0.2790284635131286
442,44.24424424424425,3.682021197075783,0.2788604566709445
443,44.34434434434435,3.6826450437885954,0.27874253386546677
444,44.44444444444445,3.683273578206455,0.27856919774735545
445,44.54454454454455,3.683902660873971,0.27847264153114715
446,44.64464464464465,3.6845308964773498,0.2783039984756144
447,44.74474474474475,3.6851668889635083,0.27817730592333767
448,44.84484484484485,3.685790803878031,0.27816823522475254
449,44.94494494494495,3.6864124943387893,0.2781468031946037
450,45.04504504504505,3.6870350784818546,0.27811799966163875
451,45.14514514514515,3.6876565668530734,0.2781136894366867
452,45.24524524524525,3.6882936708419374,0.27805317852788924
453,45.34534534534535,3.6889291668083937,0.27802160213011895
454,45.44544544544545,3.689559662765795,0.27792432223370334
455,45.54554554554555,3.6901946181529746,0.27783952057014183
456,45.64564564564565,3.69083312394884,0.2777619601997756
457,45.74574574574575,3.6914717990484816,0.2777050274398398
458,45.84584584584585,3.692117479401281,0.27767918784560486
459,45.94594594594595,3.6927591221748477,0.27765305160132847
460,46.04604604604605,3.69340169355409,0.2776178612132476
461,46.14614614614615,3.6940471807513697,0.27758081906850407
462,46.24624624624625,3.6946944127838375,0.2775503403417581
463,46.34634634634635,3.6953411247061094,0.27753670433444455
464,46.44644644644645,3.6959927070584384,0.27753058281745346
465,46.54654654654655,3.6966245864463776,0.2776072206632101
466,46.64664664664665,3.697268016708035,0.2775985730659425
467,46.74674674674675,3.69791741021956,0.27759193272547655
468,46.84684684684685,3.698569218729083,0.27754611158639797
469,46.94694694694695,3.6992304936293317,0.2775273988265976
470,47.04704704704705,3.6998861309856323,0.27758837612192266
471,47.14714714714715,3.7005364420410674,0.27756000569045014
472,47.24724724724725,3.701191699035126,0.2775000763934088
473,47.34734734734735,3.7018444251754055,0.2774411786043487
474,47.44744744744745,3.702506457549929,0.2774004752105341
475,47.54754754754755,3.7031683468336616,0.2773515714856618
476,47.64764764764765,3.7038293035974714,0.27734335855357806
477,47.74774774774775,3.7044880037693035,0.27731929397082133
478,47.84784784784785,3.7051450649191287,0.27735852897739655
479,47.94794794794795,3.705815730831299,0.2773320191704496
480,48.04804804804805,3.7064784496394036,0.2773049859368584
481,48.14814814814815,3.7071520450362274,0.27724418201628254
482,48.24824824824825,3.707818929688135,0.27720882075334075
483,48.34834834834835,3.708492196703644,0.277170717971984
484,48.44844844844845,3.7091749749002747,0.2771794254953228
485,48.54854854854855,3.709861973887279,0.2771691260644946
486,48.64864864864865,3.710546833360207,0.27723288460109785
487,48.74874874874875,3.711236172265476,0.2773370116653151
488,48.84884884884885,3.7119222227780364,0.27736579906190073
489,48.94894894894895,3.7126107494671663,0.2773415573367384
490,49.04904904904905,3.7133045303752246,0.27735653728975684
491,49.14914914914915,3.7139966243565556,0.2773625580103207
492,49.24924924924925,3.7146906601502345,0.2773981429917747
493,49.34934934934935,3.7153896150246917,0.2774612329753836
494,49.44944944944945,3.7160884158912495,0.2774991647226521
495,49.54954954954955,3.716793004154245,0.2775346874154945
496,49.64964964964965,3.717498602797862,0.27749609759819727
497,49.74974974974975,3.718197602447903,0.277477773077603
498,49.84984984984985,3.7189043468237877,0.2774702088373058
499,49.94994994994995,3.71961436531976,0.2774515319138846
500,50.050050050050054,3.720317606151604,0.2774966902807616
501,50.150150150150154,3.7210290248625446,0.2775596211368434
502,50.250250250250254,3.7217375847713736,0.27759689468238236
503,50.350350350350354,3.72245527931437,0.27766580781221073
504,50.450450450450454,3.723171811456714,0.27772992033513333
505,50.550550550550554,3.723888150457628,0.2777619564709184
506,50.650650650650654,3.724611564909469,0.27777379365461385
507,50.750750750750754,3.725339252662579,0.27781628653297297
508,50.850850850850854,3.726056406455566,0.2778531170859768
509,50.950950950950954,3.7267834043370565,0.2778423432848065
510,51.051051051051054,3.7275130658398252,0.27789493265929366
511,51.151151151151154,3.7282464131887796,0.27786921982662705
512,51.251251251251254,3.728976548604006,0.27783915563938955
513,51.351351351351354,3.729712554322954,0.27776419295256183
514,51.451451451451454,3.7304474892111172,0.27774540723600794
515,51.551551551551555,3.7311801719143074,0.27774120028929516
516,51.651651651651655,3.7319138499762405,0.27776801726021105
517,51.751751751751755,3.7326480798797306,0.277780151475314
518,51.851851851851855,3.733386988595144,0.27784466353077697
519,51.951951951951955,3.734129938678956,0.27786551252545344
520,52.052052052052055,3.7348766360101173,0.2778539881496229
521,52.152152152152155,3.7356216648034493,0.27784469121191613
522,52.252252252252255,3.736370459108185,0.277877355342417
523,52.352352352352355,3.73712235796589,0.27791137856185344
524,52.452452452452455,3.7378751700471318,0.2779794140622318
525,52.552552552552555,3.738623508842705,0.27799962341252105
526,52.652652652652655,3.739381764397413,0.27796446999843205
527,52.752752752752755,3.7401377704890573,0.2779887601135016
528,52.852852852852855,3.7409051098869983,0.277971297675526
529,52.952952952952955,3.741669019580124,0.27794113002532406
530,53.053053053053056,3.742441305944139,0.27795893094173607
531,53.153153153153156,3.7432078495574928,0.27790776417465324
532,53.253253253253256,3.743970482664961,0.27795024912621535
533,53.353353353353356,3.744742877773397,0.27801780731590675
534,53.453453453453456,3.7455135983903274,0.27802444042931107
535,53.553553553553556,3.746287160354807,0.2780162203726082
536,53.653653653653656,3.7470604720574237,0.27797571620996564
537,53.753753753753756,3.747837900988533,0.27801526601590254
538,53.853853853853856,3.748618245505959,0.27799538108452104
539,53.953953953953956,3.7493967258843037,0.27801272197892324
540,54.054054054054056,3.750176750285827,0.2780645161377784
541,54.154154154154156,3.7509569439295696,0.2780347475926277
542,54.254254254254256,3.7517364827476385,0.2779885357384284
543,54.354354354354356,3.7525160560114617,0.2779293090672734
544,54.454454454454456,3.7533012273187145,0.27794247599107536
545,54.55455455455456,3.75409104205227,0.2779585933563098
546,54.65465465465466,3.754879992036727,0.27794633844350436
547,54.75475475475476,3.7556701071768246,0.278015148035232
548,54.85485485485486,3.7564554578301115,0.2780179413173425
549,54.95495495495496,3.757248141244485,0.2780743446000784
550,55.05505505505506,3.758041299254609,0.2781107075906526
551,55.15515515515516,3.758832690388646,0.2781248249130144
552,55.25525525525526,3.7596278131666487,0.27814576329574336
553,55.35535535535536,3.7604365198122665,0.2781450384502939
554,55.45545545545546,3.7612402510462313,0.2782128756300768
555,55.55555555555556,3.762044633451528,0.2782347786432666
556,55.65565565565566,3.7628475654921525,0.27821767793273366
557,55.75575575575576,3.7636486947568044,0.27819153123854967
558,55.85585585585586,3.7644525247374827,0.2781398366547947
559,55.95595595595596,3.765256003351647,0.27809279791411257
560,56.05605605605606,3.766059329757862,0.27805025960853236
561,56.15615615615616,3.766871760604812,0.2780435887172068
562,56.25625625625626,3.7676833017908584,0.2780430241060241
563,56.35635635635636,3.768492005823304,0.2780599415404694
564,56.45645645645646,3.769301780803803,0.2780122606078468
565,56.55655655655656,3.7701144828803366,0.27797302115151545
566,56.65665665665666,3.7709303668203153,0.27796017853186683
567,56.75675675675676,3.7717439490000553,0.2778766584350585
568,56.85685685685686,3.7725605848574677,0.27791858266784963
569,56.95695695695696,3.7733812381035627,0.2778778622279141
570,57.05705705705706,3.7742060264860546,0.27786620963616393
571,57.15715715715716,3.7750315904858254,0.2777966236370837
572,57.25725725725726,3.7758515881312578,0.2778065963054779
573,57.35735735735736,3.776673222071018,0.2778227212692226
574,57.45745745745746,3.777497245600877,0.2778168446431799
575,57.55755755755756,3.778324273793827,0.27790999377679704
576,57.65765765765766,3.7791445076006296,0.27793346449544387
577,57.75775775775776,3.779967797554088,0.27795781333491654
578,57.85785785785786,3.7807964772393934,0.2780071844056575
579,57.95795795795796,3.7816225695932397,0.2781044297817967
580,58.05805805805806,3.7824492069384474,0.2781802993894402
581,58.15815815815816,3.7832826345603934,0.2782437015009176
582,58.25825825825826,3.7841136001871742,0.2783079224404883
583,58.35835835835836,3.784949579933465,0.27836028343564934
584,58.45845845845846,3.785781438056043,0.27835164411762214
585,58.55855855855856,3.7866201040630334,0.27838414292861025
586,58.65865865865866,3.7874580633188537,0.2783672663965877
587,58.75875875875876,3.788295758742626,0.2783459070650345
588,58.85885885885886,3.7891396542593303,0.27832245826976454
589,58.95895895895896,3.7899794253849444,0.2783594019233977
590,59.05905905905906,3.790813229897877,0.27834957617548284
591,59.15915915915916,3.791653689378169,0.27829537599305176
592,59.25925925925926,3.79249210219362,0.27831925946068914
593,59.35935935935936,3.7933334152638007,0.2782720269613641
594,59.45945945945946,3.7941724798532017,0.278260720660505
595,59.55955955955956,3.795015557174905,0.2782528835294116
596,59.65965965965966,3.7958635833739414,0.2782895124365439
597,59.75975975975976,3.796720849405102,0.27829644990886493
598,59.85985985985987,3.7975793921215963,0.278331552071462
599,59.95995995995997,3.798430837416634,0.27833062081016813
600,60.06006006006007,3.7992817356203137,0.27831561409746897
601,60.16016016016017,3.800137678195899,0.2783177529481975
602,60.26026026026027,3.800994202097069,0.2783006589514869
603,60.36036036036037,3.801850047623385,0.2783182226087675
604,60.46046046046047,3.802710339641987,0.2783005258844131
605,60.56056056056057,3.803570649855628,0.2783135380471986
606,60.66066066066067,3.8044294087129,0.27830706738452093
607,60.76076076076077,3.8052767864050505,0.2782707257560979
608,60.86086086086087,3.8061335068461126,0.27824470892436537
609,60.96096096096097,3.806991174232909,0.2782979187590282
610,61.06106106106107,3.8078514215376886,0.2783044780850048
611,61.16116116116117,3.8087098352545206,0.2782719105110303
612,61.26126126126127,3.8095686045109183,0.27825203914268926
613,61.36136136136137,3.810437138886452,0.2782823159419987
614,61.46146146146147,3.8112995741938063,0.2782584349684427
615,61.56156156156157,3.812162003464542,0.2782839205140153
616,61.66166166166167,3.81301975500056,0.2783164465667447
617,61.76176176176177,3.813884347166776,0.2783291483498349
618,61.86186186186187,3.8147567387872847,0.27831646494814777
619,61.96196196196197,3.815626734765871,0.27829290079934665
620,62.06206206206207,3.81649640396738,0.2782593510112452
621,62.16216216216217,3.81736397964021,0.27825356821898595
622,62.26226226226227,3.818236533709122,0.2782135926342608
623,62.36236236236237,3.8191045445930216,0.2781976001629456
624,62.46246246246247,3.8199752998447476,0.27815993855818455
625,62.56256256256257,3.8208394431051804,0.27809189504904985
626,62.66266266266267,3.821706675485915,0.2780659815974005
627,62.76276276276277,3.822576137976726,0.2780541670517884
628,62.86286286286287,3.823446063127011,0.2780041289234756
629,62.96296296296297,3.8243174889972273,0.2780292146090879
630,63.06306306306307,3.8251894730300977,0.2779892131451156
631,63.16316316316317,3.8260650512737353,0.2780172832781531
632,63.26326326326327,3.8269430752105875,0.27802594633790534
633,63.36336336336337,3.8278146356526257,0.2780245958375698
634,63.46346346346347,3.82869686781119,0.2780565394147114
635,63.56356356356357,3.829572712425284,0.2780187157534595
636,63.66366366366367,3.8304569842255862,0.2780240309220723
637,63.76376376376377,3.8313343374323656,0.278022747092189
638,63.86386386386387,3.832214915770402,0.27807974710822947
639,63.96396396396397,3.8330999203340568,0.2780397182981531
640,64.06406406406407,3.83398271413129,0.27803777147009967
641,64.16416416416416,3.8348657825604806,0.2780085492001678
642,64.26426426426427,3.835741233925749,0.27798082330937746
643,64.36436436436436,3.8366239692503967,0.27791696214104
644,64.46446446446447,3.837512541672868,0.2779002523596983
645,64.56456456456456,3.8383987623910722,0.2778734918615111
646,64.66466466466467,3.8392861458439578,0.2778107346225891
647,64.76476476476476,3.8401812331340373,0.27778343298097496
648,64.86486486486487,3.841071175834135,0.277780079841218
649,64.96496496496496,3.8419566426559815,0.2777335527320304
650,65.06506506506507,3.8428433151150454,0.277724645667778
651,65.16516516516516,3.8437303355294405,0.2776992430505718
652,65.26526526526527,3.8446194354009062,0.2776909606907587
653,65.36536536536536,3.8455134649858485,0.2777632806774264
654,65.46546546546547,3.8464107230808224,0.27779921627416115
655,65.56556556556556,3.8473065870054723,0.2778411212086027
656,65.66566566566567,3.8482059597169966,0.27787225203372756
657,65.76576576576576,3.849107874866801,0.2778983510504016
658,65.86586586586587,3.85000659269454,0.27794330996353267
659,65.96596596596596,3.850904388652541,0.27797258925956925
660,66.06606606606607,3.8518011877823497,0.27796296864899617
661,66.16616616616616,3.8527021736045155,0.2779878356213583
662,66.26626626626627,3.8535977889576314,0.2779976192020044
663,66.36636636636636,3.854502974261054,0.27802470854177663
664,66.46646646646647,3.8554138621335055,0.2780952656944997
665,66.56656656656656,3.856320658273937,0.27812041916762453
666,66.66666666666667,3.857229382450531,0.2781083537056528
667,66.76676676676676,3.858138632143821,0.27813258626814097
668,66.86686686686687,3.8590510070067374,0.27810445717621235
669,66.96696696696696,3.859972350351811,0.27813065302242457
670,67.06706706706707,3.8608891961616707,0.2781713567323312
671,67.16716716716716,3.8618114632330505,0.27809919022224605
672,67.26726726726727,3.8627357213665237,0.27802713944545054
673,67.36736736736736,3.863662289868855,0.2779661035868344
674,67.46746746746747,3.8645884071666137,0.2779273127394095
675,67.56756756756756,3.8655105783818184,0.27786598570028787
676,67.66766766766767,3.8664317121098075,0.2778211862099482
677,67.76776776776777,3.8673572045663662,0.2778163034352552
678,67.86786786786787,3.8682792288556445,0.2777478137146172
679,67.96796796796797,3.8692106145299365,0.27768464172594776
680,68.06806806806807,3.870151311349014,0.2777030255202124
681,68.16816816816817,3.8710969762707235,0.2776801455662401
682,68.26826826826827,3.872042122788044,0.2776378391764922
683,68.36836836836838,3.872986074111118,0.2775853685246972
684,68.46846846846847,3.873933303643655,0.27756332641424386
685,68.56856856856858,3.874885154671129,0.27746489311548217
686,68.66866866866867,3.8758423553926304,0.27740377289632256
687,68.76876876876878,3.87679758796905,0.27737351230712015
688,68.86886886886887,3.8777525712497884,0.27728268289229163
689,68.96896896896898,3.8787227791460728,0.2772633941413041
690,69.06906906906907,3.8796805858795165,0.27722086162202864
691,69.16916916916918,3.8806369023717693,0.2771414513329997
692,69.26926926926927,3.8815901221387987,0.27705678319753346
693,69.36936936936938,3.8825572016512995,0.2769640504142856
694,69.46946946946947,3.8835228023000608,0.27690332853513766
695,69.56956956956958,3.8844845498183176,0.27675019561145753
696,69.66966966966967,3.885462664955096,0.2766289829752342
697,69.76976976976978,3.886440494810655,0.2765564686655573
698,69.86986986986987,3.88741671271755,0.2764168571541905
699,69.96996996996998,3.8883940143704194,0.27624278923416057
700,70.07007007007007,3.8893754938363205,0.27612686618747695
701,70.17017017017018,3.890360748337061,0.2759510898713522
702,70.27027027027027,3.8913534970694514,0.2757743398069934
703,70.37037037037038,3.8923539789589867,0.27562519144183106
704,70.47047047047047,3.893357298243485,0.2754883273408293
705,70.57057057057058,3.8943729674178593,0.2753572017805599
706,70.67067067067067,3.8953938047312335,0.2752262157638441
707,70.77077077077078,3.8964156378281176,0.27505738016389003
708,70.87087087087087,3.8974348340036853,0.27480272620787893
709,70.97097097097098,3.898461050333,0.2745417056032231
710,71.07107107107107,3.8994952762786017,0.274278357136458
711,71.17117117117118,3.900536837945609,0.27400645510554966
712,71.27127127127127,3.9015803976465744,0.2736957213367468
713,71.37137137137138,3.902627989438233,0.2733499966353552
714,71.47147147147147,3.9036701315189735,0.27297767818375185
715,71.57157157157158,3.9047238963306885,0.2725916058614004
716,71.67167167167167,3.9057875297894613,0.2721944716050224
717,71.77177177177178,3.9068515712172247,0.27181493492288133
718,71.87187187187187,3.9079254497007065,0.27139852033288747
719,71.97197197197198,3.9090069595600174,0.2709788382012164
720,72.07207207207207,3.9100896767905144,0.27057327724499913
721,72.17217217217218,3.9111822923013158,0.2701458261955789
722,72.27227227227228,3.9122778155234665,0.26971507093656477
723,72.37237237237238,3.91338298024073,0.2692151751283731
724,72.47247247247248,3.9144875381867705,0.26868763429882314
725,72.57257257257258,3.91558839982789,0.2680936433664698
726,72.67267267267268,3.9167026299966787,0.2675383340001165
727,72.77277277277278,3.9178172639217195,0.2669091967667736
728,72.87287287287288,3.9189343011577944,0.26626857818681593
729,72.97297297297298,3.9200548267862363,0.26560335175256355
730,73.07307307307308,3.9211787838493333,0.2648997970622773
731,73.17317317317318,3.9223148799321566,0.2642102990612436
732,73.27327327327328,3.9234544059194234,0.2635247702970478
733,73.37337337337338,3.924600507666816,0.2628057123693175
734,73.47347347347348,3.925747556865635,0.26214321279552166
735,73.57357357357358,3.9268982182347,0.26141245932046253
736,73.67367367367368,3.9280540357159137,0.2607242893220789
737,73.77377377377378,3.9292082256249676,0.26001015094048974
738,73.87387387387388,3.9303681003231112,0.2592980318054554
739,73.97397397397398,3.931531432756115,0.25853067001182417
740,74.07407407407408,3.932692833639063,0.2577272697583304
741,74.17417417417418,3.9338577139946995,0.2569863739741489
742,74.27427427427428,3.9350241994846673,0.2562225346471738
743,74.37437437437438,3.9361967657917067,0.2554928467385782
744,74.47447447447448,3.937367730574508,0.25472810798676093
745,74.57457457457458,3.938546167359975,0.25398669481657343
746,74.67467467467468,3.939718534051459,0.2532403581993865
747,74.77477477477478,3.9408954866503376,0.252511376011995
748,74.87487487487488,3.942076962079862,0.25183411433508596
749,74.97497497497498,3.943252260219215,0.25109890393512835
750,75.07507507507508,3.9444312170509104,0.2503699872693108
751,75.17517517517518,3.94561183836876,0.2497229536020953
752,75.27527527527528,3.94678587365441,0.2490669235777787
753,75.37537537537538,3.9479612980708154,0.24845893613505332
754,75.47547547547548,3.9491348201743772,0.2478886750320175
755,75.57557557557558,3.9503057989284374,0.24734595153016414
756,75.67567567567568,3.951473151430978,0.24680639363056223
757,75.77577577577578,3.952633898665356,0.24631786193696925
758,75.87587587587588,3.9538033791571836,0.24589420631984993
759,75.97597597597598,3.9549676265275684,0.24545179019728813
760,76.07607607607608,3.9561270693056487,0.2450205187569523
761,76.17617617617618,3.957284133744267,0.24461224587524732
762,76.27627627627628,3.9584360401843774,0.24418669034670515
763,76.37637637637638,3.959588107954315,0.24385363600344157
764,76.47647647647648,3.960739190363141,0.24349770324721476
765,76.57657657657658,3.9618902804467493,0.24313839305705365
766,76.67667667667668,3.9630340678430676,0.24272485061125515
767,76.77677677677679,3.9641846699826155,0.24238566309815823
768,76.87687687687688,3.9653323175108,0.24205712246482314
769,76.97697697697699,3.966476007196173,0.24176085825284055
770,77.07707707707708,3.9676128533395674,0.24148598580763192
771,77.17717717717719,3.9687685874066885,0.24134588826229297
772,77.27727727727728,3.9698938586339585,0.24106724291550208
773,77.37737737737739,3.9710134368829504,0.24078920709885132
774,77.47747747747748,3.9721241245335768,0.24051593263523152
775,77.57757757757759,3.9732368069877695,0.24026456971070687
776,77.67767767767768,3.974342373574778,0.23998646326699635
777,77.77777777777779,3.975439607609515,0.2396913390144686
778,77.87787787787788,3.9765369702448554,0.23943336117787695
779,77.97797797797799,3.9776258504283666,0.23923581717663467
780,78.07807807807808,3.9787202294112447,0.2390751294216482
781,78.17817817817819,3.979809975321799,0.23889031105491298
782,78.27827827827828,3.9808909590468002,0.23870574087901808
783,78.37837837837839,3.981967825230245,0.23853280522603804
784,78.47847847847848,3.9830466495341916,0.2383990689273432
785,78.57857857857859,3.9841243579104386,0.2383103776409321
786,78.67867867867868,3.985199613383277,0.23826027708916264
787,78.77877877877879,3.986266467871935,0.2381796395571527
788,78.87887887887888,3.9873281071420843,0.23812872392574747
789,78.97897897897899,3.988370489389413,0.23796684011830038
790,79.07907907907908,3.9894103909081218,0.23781441463722075
791,79.17917917917919,3.9904483778270325,0.23769334688230082
792,79.27927927927928,3.991491163697881,0.23757590162617248
793,79.37937937937939,3.9925210628871577,0.23738590912103597
794,79.47947947947948,3.993542464753976,0.23719882040948015
795,79.57957957957959,3.994559834023416,0.23704194371629228
796,79.67967967967968,3.9955766842779536,0.2369109308240276
797,79.77977977977979,3.9965895139023124,0.2367533544937288
798,79.87987987987988,3.9976007004328737,0.23659685417911547
799,79.97997997997999,3.998613031881313,0.23646956903697358
800,80.08008008008008,3.9996188494101257,0.23629887832133534
801,80.18018018018019,4.000627392741225,0.23615614897309278
802,80.28028028028028,4.001633426367206,0.23600593786471968
803,80.38038038038039,4.00264132440217,0.2359060500386292
804,80.48048048048048,4.0036368459879155,0.2357477598150517
805,80.58058058058059,4.004626097903654,0.2355811290405363
806,80.68068068068068,4.005619598633413,0.23541625754253737
807,80.78078078078079,4.006613898577426,0.23530345520867613
808,80.88088088088088,4.007604141197355,0.23518793223275836
809,80.98098098098099,4.008598415941308,0.23509228269363014
810,81.08108108108108,4.009583071466948,0.23492426748719453
811,81.18118118118119,4.010559567269944,0.234772829237043
812,81.28128128128128,4.011536628054557,0.2346366122513004
813,81.38138138138139,4.012514107724323,0.23450540967222722
814,81.48148148148148,4.0134870522169,0.23437198197253295
815,81.58158158158159,4.014463336154099,0.23422557371650754
816,81.68168168168168,4.015435393460189,0.23406417418010683
817,81.78178178178179,4.01640794642564,0.23388638466835587
818,81.88188188188188,4.017378940963327,0.23373055061319903
819,81.98198198198199,4.018350012411992,0.2335369486624863
820,82.08208208208208,4.019316678088096,0.23336642335814162
821,82.18218218218219,4.020277954906688,0.23314490156217005
822,82.28228228228228,4.0212407316769365,0.23296525983510108
823,82.38238238238239,4.022205052750612,0.23277312186472976
824,82.48248248248248,4.0231728784956085,0.23261062454105463
825,82.58258258258259,4.0241404300696875,0.23242204485156037
826,82.68268268268268,4.025108556170643,0.23220398331580228
827,82.78278278278279,4.026072676432852,0.2320074642214447
828,82.88288288288288,4.027033481071911,0.23179107392321718
829,82.98298298298299,4.027993608751265,0.23156589574041853
830,83.08308308308308,4.028953717000636,0.23136645285826596
831,83.18318318318319,4.029904797346405,0.2311135275100753
832,83.28328328328328,4.030869822250857,0.23089696721547703
833,83.38338338338339,4.031832443379788,0.23072076027906618
834,83.48348348348348,4.032793801323008,0.2306208899200204
835,83.58358358358359,4.033753958197968,0.23047403990849347
836,83.68368368368368,4.034711337360412,0.23031408441366352
837,83.78378378378379,4.035673957120447,0.23017202019010874
838,83.88388388388388,4.036640252029106,0.23006278938353297
839,83.98398398398399,4.037609687309653,0.22989980662629073
840,84.08408408408408,4.038576305397164,0.22967076144069765
841,84.18418418418419,4.039538999150842,0.2294758223297606
842,84.28428428428428,4.040504439686149,0.22924568261238676
843,84.38438438438439,4.0414700055563415,0.22898677699202885
844,84.48448448448448,4.042432682429457,0.228721763751361
845,84.58458458458459,4.0433988615072485,0.22851323541267554
846,84.68468468468468,4.044362417257112,0.2282466924889981
847,84.78478478478479,4.045334448918197,0.22804307038708949
848,84.88488488488488,4.046303388556954,0.22781777835676031
849,84.98498498498499,4.047283303238299,0.22763531482515198
850,85.08508508508508,4.048249527495352,0.2274286042534932
851,85.18518518518519,4.049214306411014,0.22730709888020684
852,85.28528528528528,4.050190730351354,0.22715738295816124
853,85.38538538538539,4.051167289713017,0.2270048455794509
854,85.4854854854855,4.052147875340593,0.22683916239286717
855,85.58558558558559,4.053131472357139,0.22663533378619505
856,85.6856856856857,4.054098693022518,0.22633815713763994
857,85.78578578578579,4.055072832558419,0.22613156675410195
858,85.8858858858859,4.056045953261284,0.22589143365697595
859,85.98598598598599,4.057018129123573,0.2256181700941653
860,86.0860860860861,4.057988158747533,0.22533163747444362
861,86.18618618618619,4.058981809826921,0.22519186585700268
862,86.2862862862863,4.059956081733566,0.22490609717505805
863,86.38638638638639,4.060928689327484,0.2246734908725081
864,86.4864864864865,4.061901892335841,0.22438295815297238
865,86.58658658658659,4.062870597243723,0.22407305799266197
866,86.6866866866867,4.06384759744968,0.22382131756536694
867,86.78678678678679,4.06481468816135,0.22352900603211978
868,86.8868868868869,4.065792625581399,0.22325229713646522
869,86.98698698698699,4.066770797997632,0.22296609852808658
870,87.0870870870871,4.067755291437865,0.22268096041483076
871,87.18718718718719,4.06873644461192,0.2223580039209594
872,87.2872872872873,4.0697162605107575,0.22206622517667185
873,87.38738738738739,4.070695835964932,0.2217509934333748
874,87.4874874874875,4.071688904421971,0.22149857599264777
875,87.58758758758759,4.07267954997984,0.22120041247955768
876,87.6876876876877,4.07366892849252,0.22093341553222245
877,87.78778778778779,4.07466331693665,0.22069893032808352
878,87.8878878878879,4.075674169462651,0.22052524132145734
879,87.98798798798799,4.076657683002536,0.2201769745269786
880,88.0880880880881,4.077645874269975,0.21985213213307375
881,88.18818818818819,4.0786371894781315,0.21954146674125496
882,88.2882882882883,4.079619712754766,0.21924766253009054
883,88.38838838838839,4.08060927644151,0.21898670544428
884,88.4884884884885,4.081598374357943,0.218658075504635
885,88.58858858858859,4.082586084266255,0.2183034421297947
886,88.6886886886887,4.08357591814466,0.2179956712970217
887,88.78878878878879,4.084569525545692,0.2177251117556196
888,88.8888888888889,4.085565351694144,0.21743501320817415
889,88.988988988989,4.086553533666862,0.21708602448279635
890,89.0890890890891,4.087556472583777,0.2167969934710534
891,89.1891891891892,4.0885578999626375,0.2164773266601543
892,89.2892892892893,4.089560090186825,0.21620704211957786
893,89.3893893893894,4.090561501627404,0.21593072269450175
894,89.4894894894895,4.091566654309839,0.21563877949647292
895,89.5895895895896,4.092576571242466,0.21535473448383513
896,89.6896896896897,4.093576035660434,0.21504701111015834
897,89.7897897897898,4.094579815788081,0.21474373518838163
898,89.8898898898899,4.095586107271765,0.21444299282976687
899,89.98998998999,4.0965834082710915,0.21412568515114216
900,90.0900900900901,4.097592997547829,0.21380589444920162
901,90.1901901901902,4.098596101759059,0.21346038490936792
902,90.2902902902903,4.09959490638691,0.21308975337667846
903,90.3903903903904,4.10059899195896,0.21274490143126812
904,90.4904904904905,4.101602493537904,0.21243133768208722
905,90.5905905905906,4.102618862891521,0.2120995718945089
906,90.6906906906907,4.103617999904883,0.21172679709038889
907,90.7907907907908,4.1046287214244535,0.2113825524255084
908,90.8908908908909,4.105640784936194,0.21104664250796645
909,90.990990990991,4.1066477337376615,0.21067929933252572
910,91.0910910910911,4.10765971424147,0.21030687645473733
911,91.1911911911912,4.108674181379342,0.20997245591593483
912,91.2912912912913,4.109682918894173,0.20961232030312615
913,91.3913913913914,4.110694828402766,0.20926621839524984
914,91.4914914914915,4.111706458754781,0.2089356562532494
915,91.5915915915916,4.11271655488725,0.2085349193575432
916,91.6916916916917,4.113729808808914,0.20820144315511868
917,91.7917917917918,4.11475439754709,0.20794062885823195
918,91.8918918918919,4.115772669301059,0.2076780840871777
919,91.991991991992,4.116778536000908,0.2073525615076086
920,92.0920920920921,4.11779536175725,0.2070677049094165
921,92.1921921921922,4.11880921751677,0.20680421260034976
922,92.2922922922923,4.11983079691576,0.2065790448073237
923,92.3923923923924,4.1208375508120865,0.20629296222485038
924,92.4924924924925,4.121859691789043,0.20601736137225402
925,92.5925925925926,4.122873837560129,0.20572823939384577
926,92.6926926926927,4.123885788096562,0.20541296047103685
927,92.7927927927928,4.124904236315153,0.2050802088133281
928,92.8928928928929,4.125923153965629,0.20475911027975258
929,92.992992992993,4.126935924803745,0.2044163956043512
930,93.0930930930931,4.127956813419201,0.2040634854126715
931,93.1931931931932,4.1289722369926904,0.20362945035575208
932,93.2932932932933,4.129991830392058,0.2032216051347433
933,93.3933933933934,4.131009372880488,0.20282800403348844
934,93.4934934934935,4.1320256438571095,0.2024553885018463
935,93.5935935935936,4.133050103008537,0.2020902012303445
936,93.6936936936937,4.134072791390995,0.2017264599301427
937,93.7937937937938,4.135092083654934,0.20131660496823045
938,93.8938938938939,4.136111617088301,0.20092677228804234
939,93.993993993994,4.137143552160539,0.2005806599943014
940,94.0940940940941,4.138163369814606,0.20013652863881504
941,94.1941941941942,4.139187510835689,0.19971889576084223
942,94.2942942942943,4.140208619443397,0.19931636013814824
943,94.3943943943944,4.141234996132752,0.1989129136862573
944,94.4944944944945,4.142260121126653,0.19847980698591527
945,94.5945945945946,4.143284396784465,0.19808398923219528
946,94.6946946946947,4.144315330681548,0.19769469667173567
947,94.7947947947948,4.145347136971325,0.19725319484729553
948,94.8948948948949,4.146377571312597,0.1967876970572604
949,94.994994994995,4.147395972104107,0.19630892311546333
950,95.0950950950951,4.148415134622135,0.1957972297665087
951,95.1951951951952,4.149443274095978,0.19532582174165114
952,95.2952952952953,4.150479810925168,0.19491736521530711
953,95.3953953953954,4.151513339928825,0.19448127521780734
954,95.4954954954955,4.1525435335652885,0.19397846246812023
955,95.5955955955956,4.153581865286688,0.1935300352444358
956,95.6956956956957,4.154617840933018,0.19307811680865683
957,95.7957957957958,4.155649808266337,0.19256850629947664
958,95.8958958958959,4.156679030990344,0.19207146302859357
959,95.995995995996,4.157713616959748,0.19159240018260348
960,96.0960960960961,4.158754804563666,0.19111398135133228
961,96.1961961961962,4.159791321098718,0.19059031054846898
962,96.2962962962963,4.160821982440615,0.19001144149382299
963,96.3963963963964,4.161855018761277,0.18947187551138
964,96.4964964964965,4.162895139116218,0.18895777640693012
965,96.5965965965966,4.1639309412573935,0.18840488378913633
966,96.6966966966967,4.1649580105491575,0.1877773351498
967,96.7967967967968,4.165994404050352,0.1871609719779208
968,96.8968968968969,4.16703473549932,0.18657312729921927
969,96.996996996997,4.168071864902672,0.1859771787783231
970,97.0970970970971,4.169115381826873,0.18534169605555562
971,97.1971971971972,4.170156410848151,0.18466618386870337
972,97.2972972972973,4.171207938264119,0.1840633157443463
973,97.3973973973974,4.172250882017642,0.1834191064653119
974,97.4974974974975,4.173289605950139,0.1827127092687526
975,97.5975975975976,4.174341265878069,0.18206016415721038
976,97.6976976976977,4.175397390734364,0.18141321983165426
977,97.7977977977978,4.1764549134983575,0.1807364881681366
978,97.8978978978979,4.177509198685246,0.17998593204914215
979,97.997997997998,4.17855888517262,0.17922826725152774
980,98.0980980980981,4.1796099374248685,0.17846179435776577
981,98.1981981981982,4.180672009160858,0.1776920013541421
982,98.2982982982983,4.181729552556101,0.17686175014835825
983,98.3983983983984,4.18278421802322,0.1759880272049017
984,98.4984984984985,4.183845282117246,0.17509447049702231
985,98.5985985985986,4.184905310058547,0.17415128975634175
986,98.6986986986987,4.1859671612010585,0.17317431496928037
987,98.7987987987988,4.187031717422123,0.1721508216258094
988,98.8988988988989,4.188099136812349,0.17106654209942818
989,98.998998998999,4.18916364899886,0.1700056328925008
990,99.0990990990991,4.19022460270293,0.16904820603903303
991,99.1991991991992,4.191298815381115,0.16768396914656947
992,99.2992992992993,4.192376650821014,0.16621463335544817
993,99.3993993993994,4.193457745294894,0.16464597500007017
994,99.4994994994995,4.194541982318669,0.16297900554470246
995,99.5995995995996,4.1956293191590195,0.16121313234273416
996,99.6996996996997,4.196719671697158,0.15934856314899548
997,99.7997997997998,4.1978129646435915,0.15738550702266352
998,99.8998998998999,4.19890914671328,0.15532337209319635
999,100.0,4.200008109587459,0.1531631650348153
